Date,Temperature,Humidity,Precipitation
07/01/2024,18,0.2,TRUE
07/02/2024,19,0.33,FALSE
07/03/2024,20,0.15,TRUE
07/04/2024,12,0.07,FALSE
07/05/2024,25,0.045,TRUE
07/06/2024,24,0.012,FALSE
07/07/2024,26,0.069,TRUE
07/08/2024,17,0.126,FALSE
07/09/2024,22.96428571,0.183,TRUE
07/10/2024,23.5952381,0.24,FALSE
07/11/2024,24.22619048,0.297,TRUE
07/12/2024,24.85714286,0.354,FALSE
07/13/2024,25.48809524,0.411,TRUE
07/14/2024,26.11904762,0.468,FALSE
07/15/2024,26.75,0.525,TRUE
07/16/2024,27.38095238,0.582,FALSE
07/17/2024,28.01190476,0.639,TRUE
07/18/2024,28.64285714,0.696,FALSE
07/19/2024,29.27380952,0.753,TRUE
07/20/2024,29.9047619,0.81,FALSE
07/21/2024,30.53571429,0.867,TRUE
07/22/2024,31.16666667,0.924,FALSE
07/23/2024,31.79761905,0.981,TRUE
07/24/2024,32.42857143,1.038,FALSE
07/25/2024,33.05952381,1.095,TRUE
07/26/2024,33.69047619,1.152,FALSE
07/27/2024,34.32142857,1.209,TRUE
07/28/2024,34.95238095,1.266,FALSE
07/29/2024,35.58333333,0.03,FALSE
07/30/2024,36.21428571,1.02,TRUE
07/31/2024,36.8452381,1.437,TRUE